mnras_row,mnras_ra,mnras_dec,tile_id,matched,sep_arcsec,src_id,gate_result,gate_failures,eliminating_stage,rejection_reason
5038,0.723123,41.768505,tile_RA0.506_DECp41.807,True,0.417,tile_RA0.506_DECp41.807:2539,GATE_FAIL,ELONG<1.3,,
4126,1.797602,64.865810,tile_RA1.695_DECp64.828,True,0.298,tile_RA1.695_DECp64.828:11689,GATE_PASS,,PRE_S0,not_in_stage_S0
3939,2.951379,68.525030,tile_RA1.695_DECp68.828,False,194.54,,NO_MATCH,,,"circle_cut (dist_from_center=32.89' pre_sep=0.72"")"
5103,1.383961,39.182390,tile_RA1.867_DECp38.807,False,146.13,,NO_MATCH,,,"not_detected (nearest_pre=55.5"")"
4743,10.667160,50.824753,tile_RA10.507_DECp50.796,True,0.307,tile_RA10.507_DECp50.796:6219,GATE_PASS,,S0M,spread_snr=10.8>5.0
3018,100.653946,44.049030,tile_RA100.074_DECp43.877,True,0.169,tile_RA100.074_DECp43.877:5374,GATE_FAIL,2<FWHM<7;SPREAD>-0.002,,
3037,102.115050,53.908012,tile_RA101.354_DECp53.909,True,0.410,tile_RA101.354_DECp53.909:5334,GATE_FAIL,SPREAD>-0.002,,
2961,105.882310,53.382550,tile_RA105.728_DECp53.778,True,0.397,tile_RA105.728_DECp53.778:552,GATE_FAIL,ELONG<1.3;2<FWHM<7;SPREAD>-0.002,,
2963,105.751840,53.565388,tile_RA105.728_DECp53.778,True,0.169,tile_RA105.728_DECp53.778:1487,GATE_FAIL,2<FWHM<7;SPREAD>-0.002,,
2769,106.603720,40.991800,tile_RA106.172_DECp40.731,True,0.312,tile_RA106.172_DECp40.731:3920,GATE_FAIL,ELONG<1.3,,
2796,106.664570,42.978700,tile_RA106.172_DECp42.731,True,0.430,tile_RA106.172_DECp42.731:3606,GATE_FAIL,ELONG<1.3;SPREAD>-0.002,,
2801,106.617750,43.206270,tile_RA106.172_DECp42.731,False,282.72,,NO_MATCH,,,"circle_cut (dist_from_center=34.59' pre_sep=0.42"")"
2850,105.799720,43.164158,tile_RA106.172_DECp42.731,False,74.56,,NO_MATCH,,,"circle_cut (dist_from_center=30.70' pre_sep=0.10"")"
2926,107.308685,54.567577,tile_RA107.421_DECp54.778,True,0.805,tile_RA107.421_DECp54.778:1388,GATE_FAIL,FLAGS==0;ELONG<1.3,,
2948,107.327290,55.890087,tile_RA107.421_DECp55.778,True,0.329,tile_RA107.421_DECp55.778:3794,GATE_FAIL,2<FWHM<7;SPREAD>-0.002,,
2758,106.889290,41.226070,tile_RA107.512_DECp40.731,False,665.45,,NO_MATCH,,,"circle_cut (dist_from_center=40.96' pre_sep=0.67"")"
2747,107.253920,41.627007,tile_RA107.512_DECp41.731,True,0.468,tile_RA107.512_DECp41.731:2107,GATE_FAIL,SPREAD>-0.002,,
2755,107.053474,41.706540,tile_RA107.512_DECp41.731,True,0.303,tile_RA107.512_DECp41.731:5038,GATE_FAIL,ELONG<1.3;2<FWHM<7;SPREAD>-0.002,,
2767,106.923134,41.977370,tile_RA107.512_DECp41.731,False,24.49,,NO_MATCH,,,"circle_cut (dist_from_center=30.18' pre_sep=0.55"")"
2668,109.194530,40.513980,tile_RA108.852_DECp40.731,True,0.298,tile_RA108.852_DECp40.731:1424,GATE_FAIL,2<FWHM<7;SPREAD>-0.002,,
2723,108.351875,42.770830,tile_RA108.852_DECp42.731,True,0.577,tile_RA108.852_DECp42.731:4327,GATE_FAIL,ELONG<1.3;SPREAD>-0.002,,
2835,109.886024,53.574482,tile_RA109.113_DECp53.778,False,69.49,,NO_MATCH,,,"circle_cut (dist_from_center=30.07' pre_sep=0.46"")"
2901,108.325540,54.692898,tile_RA109.113_DECp54.778,True,0.342,tile_RA109.113_DECp54.778:2600,GATE_FAIL,SNR_WIN>30;2<FWHM<7;SPREAD>-0.002,,
3066,108.824130,70.465935,tile_RA109.455_DECp70.803,True,0.091,tile_RA109.455_DECp70.803:642,GATE_FAIL,SPREAD>-0.002,,
3069,108.500290,70.524605,tile_RA109.455_DECp70.803,True,0.154,tile_RA109.455_DECp70.803:959,GATE_FAIL,2<FWHM<7;SPREAD>-0.002,,
2789,110.828070,53.587383,tile_RA110.805_DECp53.778,True,0.428,tile_RA110.805_DECp53.778:1245,GATE_FAIL,2<FWHM<7;SPREAD>-0.002,,
2924,110.384390,60.139496,tile_RA111.167_DECp59.703,False,328.24,,NO_MATCH,,,"circle_cut (dist_from_center=35.21' pre_sep=0.26"")"
2674,111.697624,47.881554,tile_RA111.699_DECp47.700,True,0.385,tile_RA111.699_DECp47.700:2677,GATE_FAIL,2<FWHM<7;SPREAD>-0.002,,
3117,116.222694,83.407630,tile_RA111.994_DECp83.636,False,110.18,,NO_MATCH,,,"circle_cut (dist_from_center=31.73' pre_sep=1.04"")"
3148,106.448400,85.678820,tile_RA111.994_DECp85.636,True,0.727,tile_RA111.994_DECp85.636:3035,GATE_PASS,,S0M,spread_snr=36.0>5.0
3029,113.728430,71.692200,tile_RA112.657_DECp71.803,True,0.498,tile_RA112.657_DECp71.803:2280,GATE_FAIL,2<FWHM<7;SPREAD>-0.002,,
3058,112.480934,72.591515,tile_RA112.657_DECp72.803,True,0.498,tile_RA112.657_DECp72.803:1081,GATE_FAIL,SPREAD>-0.002,,
2493,114.529320,42.418910,tile_RA115.018_DECp42.675,True,0.068,tile_RA115.018_DECp42.675:829,GATE_FAIL,SPREAD>-0.002,,
2829,114.466390,60.665947,tile_RA115.132_DECp60.703,True,0.323,tile_RA115.132_DECp60.703:1510,GATE_FAIL,SPREAD>-0.002,,
2830,114.611150,60.879036,tile_RA115.132_DECp60.703,True,0.100,tile_RA115.132_DECp60.703:2183,GATE_FAIL,SNR_WIN>30;2<FWHM<7;SPREAD>-0.002,,
2641,115.609930,52.430904,tile_RA115.167_DECp52.653,True,0.467,tile_RA115.167_DECp52.653:946,GATE_FAIL,SPREAD>-0.002,,
2684,115.037550,54.927258,tile_RA115.167_DECp54.653,True,0.914,tile_RA115.167_DECp54.653:2364,GATE_FAIL,FLAGS==0;SNR_WIN>30;ELONG<1.3;2<FWHM<7;SPREAD>-0.002,,
2698,114.601204,54.936413,tile_RA115.167_DECp54.653,True,0.553,tile_RA115.167_DECp54.653:2322,GATE_FAIL,2<FWHM<7;SPREAD>-0.002,,
2925,114.772940,65.636950,tile_RA115.589_DECp65.612,True,0.512,tile_RA115.589_DECp65.612:3632,GATE_FAIL,SPREAD>-0.002,,
1928,116.302180,0.302205,tile_RA115.855_DECp0.660,False,281.14,,NO_MATCH,,,"circle_cut (dist_from_center=34.36' pre_sep=0.28"")"
3017,116.771225,72.835304,tile_RA116.630_DECp72.584,True,0.386,tile_RA116.630_DECp72.584:2550,GATE_FAIL,2<FWHM<7;SPREAD>-0.002,,
2609,117.444230,53.396950,tile_RA116.854_DECp53.653,True,0.399,tile_RA116.854_DECp53.653:838,GATE_FAIL,SPREAD>-0.002,,
1915,116.510350,-0.271183,tile_RA116.855_DECm0.340,True,0.361,tile_RA116.855_DECm0.340:5637,GATE_FAIL,ELONG<1.3,,
2716,117.146470,59.206318,tile_RA117.114_DECp59.703,True,0.266,tile_RA117.114_DECp59.703:23,GATE_FAIL,2<FWHM<7;SPREAD>-0.002,,
2803,118.706510,64.309020,tile_RA118.011_DECp64.612,True,0.243,tile_RA118.011_DECp64.612:686,GATE_FAIL,SPREAD>-0.002,,
2583,119.102630,53.988075,tile_RA118.541_DECp53.653,True,0.272,tile_RA118.541_DECp53.653:1800,GATE_FAIL,SNR_WIN>30;ELONG<1.3,,
2617,118.252400,54.829670,tile_RA118.541_DECp54.653,True,0.295,tile_RA118.541_DECp54.653:2443,GATE_FAIL,ELONG<1.3;SPREAD>-0.002,,
2947,120.960236,71.049340,tile_RA119.795_DECp70.584,False,396.50,,NO_MATCH,,,"circle_cut (dist_from_center=36.16' pre_sep=0.17"")"
2268,119.404310,41.606506,tile_RA119.800_DECp41.581,True,0.158,tile_RA119.800_DECp41.581:2928,GATE_FAIL,SPREAD>-0.002,,
2278,119.175130,41.593100,tile_RA119.800_DECp41.581,True,0.199,tile_RA119.800_DECp41.581:2948,GATE_FAIL,2<FWHM<7;SPREAD>-0.002,,
2650,120.317314,59.331390,tile_RA120.077_DECp59.566,True,0.399,tile_RA120.077_DECp59.566:838,GATE_FAIL,SPREAD>-0.002,,
2347,119.787520,46.794262,tile_RA120.142_DECp46.593,True,0.339,tile_RA120.142_DECp46.593:2080,GATE_FAIL,SNR_WIN>30;2<FWHM<7;SPREAD>-0.002,,
3074,120.791084,79.005714,tile_RA120.170_DECp78.626,True,0.539,tile_RA120.170_DECp78.626:1295,GATE_PASS,,SURVIVOR,
2500,120.741820,53.350870,tile_RA120.229_DECp53.653,True,0.208,tile_RA120.229_DECp53.653:665,GATE_PASS,,PRE_S0,not_in_stage_S0
2814,120.146576,65.656780,tile_RA120.433_DECp65.612,True,0.111,tile_RA120.433_DECp65.612:3079,GATE_FAIL,SNR_WIN>30;2<FWHM<7;SPREAD>-0.002,,
2816,120.682930,66.101930,tile_RA120.433_DECp65.612,False,64.12,,NO_MATCH,,,"circle_cut (dist_from_center=30.03' pre_sep=0.34"")"
3111,125.291380,84.652990,tile_RA121.015_DECp84.636,True,0.433,tile_RA121.015_DECp84.636:3067,GATE_FAIL,2<FWHM<7;SPREAD>-0.002,,
3118,126.312805,85.352510,tile_RA121.015_DECp85.636,False,37.31,,NO_MATCH,,,"circle_cut (dist_from_center=30.20' pre_sep=0.81"")"
3123,126.494570,85.885994,tile_RA121.015_DECp85.636,True,0.470,tile_RA121.015_DECp85.636:2428,GATE_PASS,,S0M,spread_snr=32.5>5.0
2166,121.202576,41.193703,tile_RA121.137_DECp41.581,True,0.123,tile_RA121.137_DECp41.581:364,GATE_FAIL,2<FWHM<7;SPREAD>-0.002,,
2217,120.784720,41.934616,tile_RA121.137_DECp41.581,True,0.210,tile_RA121.137_DECp41.581:1789,GATE_FAIL,2<FWHM<7;SPREAD>-0.002,,
2176,121.647830,42.289925,tile_RA121.137_DECp42.581,True,0.488,tile_RA121.137_DECp42.581:672,GATE_FAIL,SPREAD>-0.002,,
2287,122.017555,47.140583,tile_RA121.625_DECp47.593,False,164.09,,NO_MATCH,,,"circle_cut (dist_from_center=31.49' pre_sep=0.14"")"
2018,122.767426,39.855080,tile_RA122.474_DECp39.581,True,0.253,tile_RA122.474_DECp39.581:1867,GATE_FAIL,SNR_WIN>30;2<FWHM<7;SPREAD>-0.002,,
2020,122.760780,39.998917,tile_RA122.474_DECp39.581,True,0.136,tile_RA122.474_DECp39.581:1254,GATE_FAIL,2<FWHM<7;SPREAD>-0.002,,
2049,122.848310,41.003483,tile_RA122.474_DECp40.581,False,45.03,,NO_MATCH,,,"circle_cut (dist_from_center=30.52' pre_sep=0.32"")"
2104,122.313260,41.777836,tile_RA122.474_DECp41.581,True,0.323,tile_RA122.474_DECp41.581:2138,GATE_FAIL,FLAGS==0;SPREAD>-0.002,,
2098,122.615100,42.089577,tile_RA122.474_DECp42.581,False,66.33,,NO_MATCH,,,"circle_cut (dist_from_center=30.14' pre_sep=0.83"")"
2140,122.032330,42.194084,tile_RA122.474_DECp42.581,False,76.36,,NO_MATCH,,,"circle_cut (dist_from_center=30.37' pre_sep=0.39"")"
2168,122.663820,43.845490,tile_RA122.474_DECp43.581,True,0.412,tile_RA122.474_DECp43.581:2011,GATE_FAIL,SPREAD>-0.002,,
2852,124.243480,69.393326,tile_RA122.961_DECp69.584,True,0.453,tile_RA122.961_DECp69.584:1059,GATE_FAIL,2<FWHM<7;SPREAD>-0.002,,
1997,123.935165,41.002193,tile_RA123.811_DECp40.581,True,0.388,tile_RA123.811_DECp40.581:1292,GATE_PASS,,S4S,elongation=1.183>1.1;circularity=0.712<0.8
2029,123.327660,41.258650,tile_RA123.811_DECp41.581,True,0.279,tile_RA123.811_DECp41.581:502,GATE_PASS,,S4S,elongation=1.182>1.1;circularity=0.044<0.8
2203,124.694916,47.688755,tile_RA124.591_DECp47.593,True,0.473,tile_RA124.591_DECp47.593:2061,GATE_FAIL,SNR_WIN>30;ELONG<1.3;SPREAD>-0.002,,
3021,124.840300,76.886460,tile_RA124.837_DECp76.626,True,0.457,tile_RA124.837_DECp76.626:1871,GATE_FAIL,SNR_WIN>30;SPREAD>-0.002,,
2553,125.938860,59.988800,tile_RA126.000_DECp59.566,True,0.244,tile_RA126.000_DECp59.566:1083,GATE_FAIL,2<FWHM<7;SPREAD>-0.002,,
2570,126.522440,60.911620,tile_RA126.000_DECp60.566,True,0.352,tile_RA126.000_DECp60.566:1429,GATE_FAIL,2<FWHM<7;SPREAD>-0.002,,
2848,127.187130,70.766685,tile_RA126.126_DECp70.584,True,0.325,tile_RA126.126_DECp70.584:2301,GATE_FAIL,2<FWHM<7;SPREAD>-0.002,,
2058,126.821870,47.180960,tile_RA127.090_DECp47.494,True,0.489,tile_RA127.090_DECp47.494:676,GATE_PASS,,S4S,circularity=0.674<0.8
2434,128.945430,59.386520,tile_RA127.974_DECp59.566,False,111.30,,NO_MATCH,,,"not_detected (nearest_pre=78.3"")"
2642,128.486790,64.976580,tile_RA128.380_DECp65.464,True,0.477,tile_RA128.380_DECp65.464:5,GATE_FAIL,2<FWHM<7;SPREAD>-0.002,,
1952,128.667480,46.046130,tile_RA128.570_DECp46.494,True,0.744,tile_RA128.570_DECp46.494:151,GATE_FAIL,SPREAD>-0.002,,
1978,128.020300,46.128506,tile_RA128.570_DECp46.494,False,130.92,,NO_MATCH,,,"circle_cut (dist_from_center=31.62' pre_sep=0.62"")"
1861,128.244370,41.714306,tile_RA128.584_DECp41.495,True,0.350,tile_RA128.584_DECp41.495:2245,GATE_FAIL,FLAGS==0,,
2186,130.039810,53.128826,tile_RA129.626_DECp53.538,True,0.296,tile_RA129.626_DECp53.538:248,GATE_FAIL,SNR_WIN>30;2<FWHM<7;SPREAD>-0.002,,
1695,130.429380,39.056152,tile_RA129.919_DECp39.495,False,343.48,,NO_MATCH,,,"circle_cut (dist_from_center=35.43' pre_sep=0.32"")"
1845,129.847170,43.396560,tile_RA129.919_DECp43.495,True,0.492,tile_RA129.919_DECp43.495:1621,GATE_FAIL,ELONG<1.3;2<FWHM<7;SPREAD>-0.002,,
5105,12.971833,37.261497,tile_RA13.514_DECp36.780,False,543.35,,NO_MATCH,,,"circle_cut (dist_from_center=38.85' pre_sep=0.77"")"
3104,127.072945,84.193200,tile_RA130.037_DECp84.636,False,104.86,,NO_MATCH,,,"circle_cut (dist_from_center=31.70' pre_sep=0.33"")"
3111,125.291380,84.652990,tile_RA130.037_DECp84.636,True,0.298,tile_RA130.037_DECp84.636:2818,GATE_FAIL,2<FWHM<7;SPREAD>-0.002,,
3114,128.527680,85.086300,tile_RA130.037_DECp84.636,True,0.292,tile_RA130.037_DECp84.636:1607,GATE_PASS,,S0M,spread_snr=6.3>5.0
3116,128.543700,85.253080,tile_RA130.037_DECp85.636,True,0.324,tile_RA130.037_DECp85.636:351,GATE_PASS,,S4S,elongation=1.127>1.1;circularity=0.741<0.8
3118,126.312805,85.352510,tile_RA130.037_DECp85.636,True,0.354,tile_RA130.037_DECp85.636:618,GATE_PASS,,SURVIVOR,
3123,126.494570,85.885994,tile_RA130.037_DECp85.636,True,0.034,tile_RA130.037_DECp85.636:2726,GATE_PASS,,PRE_S0,not_in_stage_S0
1943,130.710080,47.996326,tile_RA130.050_DECp48.494,False,627.01,,NO_MATCH,,,"circle_cut (dist_from_center=39.84' pre_sep=0.33"")"
2648,129.566640,66.022640,tile_RA130.788_DECp66.464,False,623.20,,NO_MATCH,,,"not_detected (nearest_pre=49.2"")"
2649,131.098940,66.929184,tile_RA130.788_DECp66.464,True,0.406,tile_RA130.788_DECp66.464:999,GATE_PASS,,S0M,spread_snr=8.1>5.0
2350,131.818850,59.414060,tile_RA130.927_DECp59.445,True,0.134,tile_RA130.927_DECp59.445:1200,GATE_FAIL,SPREAD>-0.002,,
2373,131.035690,59.415550,tile_RA130.927_DECp59.445,True,0.372,tile_RA130.927_DECp59.445:2082,GATE_FAIL,SNR_WIN>30;ELONG<1.3;SPREAD>-0.002,,
2396,130.250140,59.689724,tile_RA130.927_DECp59.445,True,0.333,tile_RA130.927_DECp59.445:1508,GATE_PASS,,S4S,elongation=1.278>1.1;circularity=0.185<0.8
2414,130.136300,59.890965,tile_RA130.927_DECp59.445,False,359.64,,NO_MATCH,,,"circle_cut (dist_from_center=35.92' pre_sep=1.03"")"
1742,131.613530,42.248505,tile_RA131.254_DECp42.495,True,0.254,tile_RA131.254_DECp42.495:732,GATE_FAIL,SPREAD>-0.002,,
1896,132.135310,47.799557,tile_RA131.530_DECp47.494,False,56.47,,NO_MATCH,,,"circle_cut (dist_from_center=30.57' pre_sep=0.44"")"
2106,131.711730,53.210970,tile_RA132.286_DECp53.436,True,0.334,tile_RA132.286_DECp53.436:704,GATE_FAIL,FLAGS==0;ELONG<1.3,,
1676,132.433750,41.343080,tile_RA132.589_DECp41.495,True,0.182,tile_RA132.589_DECp41.495:950,GATE_FAIL,SNR_WIN>30;SPREAD>-0.002,,
2342,133.290420,59.972145,tile_RA132.894_DECp60.445,False,75.97,,NO_MATCH,,,"circle_cut (dist_from_center=30.73' pre_sep=0.36"")"
1878,132.845250,47.821674,tile_RA133.010_DECp47.494,True,0.604,tile_RA133.010_DECp47.494:1518,GATE_FAIL,ELONG<1.3;2<FWHM<7;SPREAD>-0.002,,
2549,133.757160,64.794310,tile_RA133.196_DECp64.464,True,0.085,tile_RA133.196_DECp64.464:1342,GATE_PASS,,S4S,elongation=1.177>1.1
2047,133.582090,53.566353,tile_RA133.965_DECp53.436,True,0.525,tile_RA133.965_DECp53.436:1811,GATE_FAIL,SPREAD>-0.002,,
2299,134.095170,59.150260,tile_RA134.861_DECp59.445,True,0.219,tile_RA134.861_DECp59.445:349,GATE_PASS,,S0M,fwhm_ratio=1.596>1.5
2314,134.832470,60.164497,tile_RA134.861_DECp60.445,True,0.583,tile_RA134.861_DECp60.445:401,GATE_PASS,,S4S,elongation=1.162>1.1;circularity=0.474<0.8
2370,135.390780,61.939780,tile_RA134.861_DECp61.445,False,220.45,,NO_MATCH,,,"circle_cut (dist_from_center=33.29' pre_sep=0.32"")"
2542,134.835720,65.173440,tile_RA135.604_DECp65.464,True,0.112,tile_RA135.604_DECp65.464:431,GATE_FAIL,2<FWHM<7;SPREAD>-0.002,,
2024,136.319610,55.139206,tile_RA135.644_DECp55.436,True,0.599,tile_RA135.644_DECp55.436:472,GATE_FAIL,2<FWHM<7;SPREAD>-0.002,,
1903,137.265170,52.326020,tile_RA137.322_DECp52.436,True,0.532,tile_RA137.322_DECp52.436:764,GATE_FAIL,SNR_WIN>30;ELONG<1.3,,
1448,137.717470,39.303074,tile_RA137.355_DECp39.418,True,0.274,tile_RA137.355_DECp39.418:802,GATE_FAIL,SNR_WIN>30;ELONG<1.3;2<FWHM<7;SPREAD>-0.002,,
1450,137.949600,39.597088,tile_RA137.355_DECp39.418,True,0.602,tile_RA137.355_DECp39.418:1606,GATE_PASS,,S4S,elongation=1.192>1.1;circularity=0.629<0.8
1478,137.974980,40.698050,tile_RA137.355_DECp40.418,False,183.96,,NO_MATCH,,,"circle_cut (dist_from_center=32.88' pre_sep=0.30"")"
1482,137.219650,40.009670,tile_RA137.355_DECp40.418,True,0.118,tile_RA137.355_DECp40.418:171,GATE_FAIL,ELONG<1.3,,
1637,138.292340,46.240788,tile_RA138.459_DECp46.407,True,0.140,tile_RA138.459_DECp46.407:531,GATE_FAIL,2<FWHM<7;SPREAD>-0.002,,
1452,138.873800,40.587074,tile_RA138.689_DECp40.418,True,0.547,tile_RA138.689_DECp40.418:1485,GATE_FAIL,SPREAD>-0.002,,
1510,138.048660,41.896870,tile_RA138.689_DECp41.418,False,682.24,,NO_MATCH,,,"circle_cut (dist_from_center=40.61' pre_sep=0.20"")"
1487,138.972820,41.978516,tile_RA138.689_DECp42.418,True,0.133,tile_RA138.689_DECp42.418:163,GATE_FAIL,SPREAD>-0.002,,
1924,138.906560,53.895550,tile_RA139.001_DECp53.436,True,0.442,tile_RA139.001_DECp53.436:1009,GATE_FAIL,SPREAD>-0.002,,
1616,140.780800,47.581890,tile_RA141.415_DECp47.407,True,0.283,tile_RA141.415_DECp47.407:842,GATE_PASS,,S4S,elongation=1.219>1.1;circularity=0.146<0.8
1404,141.506000,41.576180,tile_RA142.119_DECp41.350,False,69.52,,NO_MATCH,,,"circle_cut (dist_from_center=30.72' pre_sep=0.37"")"
1411,141.457100,41.753613,tile_RA142.119_DECp41.350,False,513.57,,NO_MATCH,,,"circle_cut (dist_from_center=38.34' pre_sep=0.55"")"
1355,143.225100,41.115807,tile_RA143.451_DECp41.350,True,0.337,tile_RA143.451_DECp41.350:489,GATE_FAIL,SPREAD>-0.002,,
1280,144.185400,38.864788,tile_RA144.783_DECp39.350,False,653.54,,NO_MATCH,,,"circle_cut (dist_from_center=40.27' pre_sep=0.35"")"
1283,144.276690,38.986336,tile_RA144.783_DECp39.350,False,155.48,,NO_MATCH,,,"circle_cut (dist_from_center=32.11' pre_sep=0.33"")"
1366,145.081380,42.951800,tile_RA144.783_DECp43.350,True,0.247,tile_RA144.783_DECp43.350:208,GATE_FAIL,SPREAD>-0.002,,
1638,144.955700,50.948690,tile_RA145.006_DECp51.349,True,0.179,tile_RA145.006_DECp51.349:172,GATE_FAIL,SNR_WIN>30;SPREAD>-0.002,,
1666,144.733110,51.393776,tile_RA145.006_DECp51.349,True,0.170,tile_RA145.006_DECp51.349:1738,GATE_FAIL,2<FWHM<7;SPREAD>-0.002,,
1817,145.590160,55.177967,tile_RA145.006_DECp55.349,True,0.586,tile_RA145.006_DECp55.349:677,GATE_FAIL,SPREAD>-0.002,,
1879,144.154140,55.796950,tile_RA145.006_DECp55.349,False,654.14,,NO_MATCH,,,"circle_cut (dist_from_center=39.46' pre_sep=0.69"")"
1640,147.091860,52.105495,tile_RA146.681_DECp52.349,True,0.987,tile_RA146.681_DECp52.349:456,GATE_FAIL,SPREAD>-0.002,,
1772,146.001770,54.444447,tile_RA146.681_DECp54.349,True,0.302,tile_RA146.681_DECp54.349:1686,GATE_FAIL,SNR_WIN>30;2<FWHM<7;SPREAD>-0.002,,
1396,146.863630,45.319900,tile_RA146.856_DECp45.333,True,0.129,tile_RA146.856_DECp45.333:1928,GATE_FAIL,SNR_WIN>30;2<FWHM<7;SPREAD>-0.002,,
1417,146.286900,45.635117,tile_RA146.856_DECp45.333,False,119.41,,NO_MATCH,,,"circle_cut (dist_from_center=30.03' pre_sep=0.34"")"
1445,146.955580,46.823803,tile_RA146.856_DECp46.333,True,0.256,tile_RA146.856_DECp46.333:775,GATE_FAIL,ELONG<1.3;2<FWHM<7;SPREAD>-0.002,,
1475,147.432300,47.988934,tile_RA146.856_DECp48.333,False,62.78,,NO_MATCH,,,"circle_cut (dist_from_center=30.95' pre_sep=0.17"")"
1999,146.779310,59.799603,tile_RA147.623_DECp59.344,False,483.56,,NO_MATCH,,,"circle_cut (dist_from_center=37.48' pre_sep=0.32"")"
1442,148.542830,47.727577,tile_RA148.332_DECp47.333,True,0.312,tile_RA148.332_DECp47.333:920,GATE_PASS,,S4S,elongation=1.234>1.1
1405,150.368710,47.656036,tile_RA149.807_DECp47.333,True,0.327,tile_RA149.807_DECp47.333:1226,GATE_FAIL,2<FWHM<7;SPREAD>-0.002,,
4215,15.762023,62.139706,tile_RA15.203_DECp61.789,True,0.582,tile_RA15.203_DECp61.789:13879,GATE_PASS,,PRE_S0,not_in_stage_S0
1221,152.061420,42.350850,tile_RA152.204_DECp42.293,True,0.460,tile_RA152.204_DECp42.293:1623,GATE_FAIL,SPREAD>-0.002,,
1345,152.630570,46.896614,tile_RA152.296_DECp47.274,True,0.331,tile_RA152.296_DECp47.274:198,GATE_FAIL,2<FWHM<7;SPREAD>-0.002,,
1587,152.012150,52.953735,tile_RA152.679_DECp53.280,False,101.69,,NO_MATCH,,,"circle_cut (dist_from_center=30.98' pre_sep=0.39"")"
1641,153.198140,54.753610,tile_RA152.679_DECp54.280,False,235.87,,NO_MATCH,,,"circle_cut (dist_from_center=33.68' pre_sep=0.19"")"
1643,152.817550,54.691560,tile_RA152.679_DECp54.280,True,0.254,tile_RA152.679_DECp54.280:976,GATE_FAIL,2<FWHM<7;SPREAD>-0.002,,
1480,155.100390,51.672142,tile_RA154.352_DECp51.280,False,414.78,,NO_MATCH,,,"circle_cut (dist_from_center=36.55' pre_sep=0.46"")"
1505,155.161120,52.359886,tile_RA154.352_DECp52.280,False,66.88,,NO_MATCH,,,"circle_cut (dist_from_center=30.06' pre_sep=0.28"")"
1667,153.601470,55.337284,tile_RA154.352_DECp55.280,True,0.293,tile_RA154.352_DECp55.280:1898,GATE_PASS,,S4S,circularity=0.713<0.8
1123,155.398510,40.849583,tile_RA154.866_DECp41.293,False,419.89,,NO_MATCH,,,"circle_cut (dist_from_center=35.89' pre_sep=0.61"")"
2842,154.511490,77.139046,tile_RA154.915_DECp77.230,True,0.380,tile_RA154.915_DECp77.230:1528,GATE_FAIL,SPREAD>-0.002,,
1252,155.465030,44.972990,tile_RA155.243_DECp45.274,True,0.435,tile_RA155.243_DECp45.274:321,GATE_FAIL,SNR_WIN>30;ELONG<1.3,,
1282,155.134720,45.919415,tile_RA155.243_DECp46.274,True,0.262,tile_RA155.243_DECp46.274:179,GATE_FAIL,FLAGS==0,,
1371,155.050220,48.633488,tile_RA155.243_DECp48.274,True,0.292,tile_RA155.243_DECp48.274:996,GATE_PASS,,SURVIVOR,
2596,157.502400,72.265434,tile_RA155.906_DECp72.272,True,0.122,tile_RA155.906_DECp72.272:2084,GATE_PASS,,S0M,spread_snr=8.3>5.0
1468,156.647420,51.920757,tile_RA156.024_DECp52.280,False,111.27,,NO_MATCH,,,"circle_cut (dist_from_center=31.50' pre_sep=0.60"")"
1525,155.246810,52.724700,tile_RA156.024_DECp52.280,False,538.74,,NO_MATCH,,,"circle_cut (dist_from_center=38.96' pre_sep=0.95"")"
1532,156.552570,53.268032,tile_RA156.024_DECp53.280,True,0.509,tile_RA156.024_DECp53.280:1785,GATE_FAIL,SNR_WIN>30;ELONG<1.3;SPREAD>-0.002,,
1544,155.687590,53.299343,tile_RA156.024_DECp53.280,True,0.196,tile_RA156.024_DECp53.280:1769,GATE_FAIL,SNR_WIN>30;ELONG<1.3;2<FWHM<7;SPREAD>-0.002,,
1590,156.107320,54.464058,tile_RA156.024_DECp54.280,True,0.158,tile_RA156.024_DECp54.280:1466,GATE_FAIL,ELONG<1.3;SPREAD>-0.002,,
1304,157.153820,47.646656,tile_RA156.717_DECp47.274,True,0.144,tile_RA156.717_DECp47.274:776,GATE_PASS,,S4S,elongation=1.279>1.1
1507,158.285370,53.380787,tile_RA157.697_DECp53.280,True,0.564,tile_RA157.697_DECp53.280:1871,GATE_FAIL,ELONG<1.3;SPREAD>-0.002,,
2477,160.365980,70.830510,tile_RA159.020_DECp71.272,False,471.36,,NO_MATCH,,,"circle_cut (dist_from_center=37.27' pre_sep=0.65"")"
2596,157.502400,72.265434,tile_RA159.020_DECp72.272,True,0.411,tile_RA159.020_DECp72.272:2276,GATE_PASS,,PRE_S0,not_in_stage_S0
2819,157.309020,77.071910,tile_RA159.439_DECp77.230,True,0.422,tile_RA159.439_DECp77.230:892,GATE_FAIL,SNR_WIN>30;2<FWHM<7;SPREAD>-0.002,,
2824,158.934740,77.321860,tile_RA159.439_DECp77.230,True,0.425,tile_RA159.439_DECp77.230:2076,GATE_PASS,,S0M,fwhm_ratio=1.516>1.5;spread_snr=54.2>5.0
2151,160.727000,65.500660,tile_RA160.934_DECp65.255,True,0.312,tile_RA160.934_DECp65.255:1248,GATE_FAIL,FLAGS==0,,
1402,162.098570,51.953560,tile_RA162.014_DECp52.230,True,0.599,tile_RA162.014_DECp52.230:391,GATE_FAIL,SNR_WIN>30;2<FWHM<7;SPREAD>-0.002,,
2514,160.650340,71.284990,tile_RA162.134_DECp71.272,True,0.179,tile_RA162.134_DECp71.272:2369,GATE_FAIL,ELONG<1.3;SPREAD>-0.002,,
1225,164.128850,47.397243,tile_RA163.622_DECp47.230,True,0.273,tile_RA163.622_DECp47.230:1304,GATE_FAIL,ELONG<1.3;2<FWHM<7;SPREAD>-0.002,,
3088,167.297000,84.896450,tile_RA163.741_DECp85.283,True,0.847,tile_RA163.741_DECp85.283:350,GATE_FAIL,SPREAD>-0.002,,
261,163.718660,9.728939,tile_RA163.905_DECp10.228,False,146.58,,NO_MATCH,,,"circle_cut (dist_from_center=31.90' pre_sep=0.39"")"
320,163.703900,12.525713,tile_RA163.905_DECp12.228,True,0.240,tile_RA163.905_DECp12.228:1233,GATE_FAIL,FLAGS==0,,
326,164.132500,13.142218,tile_RA163.905_DECp13.228,True,0.331,tile_RA163.905_DECp13.228:1294,GATE_FAIL,SPREAD>-0.002,,
247,163.807330,9.581771,tile_RA163.905_DECp9.228,True,0.208,tile_RA163.905_DECp9.228:1408,GATE_FAIL,ELONG<1.3,,
249,163.794940,9.611793,tile_RA163.905_DECp9.228,True,0.325,tile_RA163.905_DECp9.228:1321,GATE_FAIL,SNR_WIN>30;SPREAD>-0.002,,
253,163.747070,9.622074,tile_RA163.905_DECp9.228,True,0.192,tile_RA163.905_DECp9.228:1291,GATE_FAIL,SPREAD>-0.002,,
258,163.723590,9.690899,tile_RA163.905_DECp9.228,True,0.119,tile_RA163.905_DECp9.228:970,GATE_FAIL,SPREAD>-0.002,,
260,163.587800,9.502121,tile_RA163.905_DECp9.228,False,8.18,,NO_MATCH,,,"not_detected (nearest_pre=8.2"")"
263,163.665270,9.669007,tile_RA163.905_DECp9.228,False,19.53,,NO_MATCH,,,"circle_cut (dist_from_center=30.02' pre_sep=0.19"")"
264,163.653100,9.697642,tile_RA163.905_DECp9.228,False,122.83,,NO_MATCH,,,"circle_cut (dist_from_center=31.88' pre_sep=0.11"")"
266,163.594600,9.698509,tile_RA163.905_DECp9.228,False,225.60,,NO_MATCH,,,"circle_cut (dist_from_center=33.68' pre_sep=0.58"")"
2682,163.271970,75.273030,tile_RA163.963_DECp75.230,True,0.298,tile_RA163.963_DECp75.230:1917,GATE_FAIL,SPREAD>-0.002,,
2838,161.851880,77.771400,tile_RA163.963_DECp78.230,False,496.26,,NO_MATCH,,,"circle_cut (dist_from_center=38.08' pre_sep=0.09"")"
242,165.179690,11.472239,tile_RA164.925_DECp11.228,True,0.645,tile_RA164.925_DECp11.228:1418,GATE_FAIL,SPREAD>-0.002,,
262,165.133800,11.820085,tile_RA164.925_DECp12.228,True,0.172,tile_RA164.925_DECp12.228:185,GATE_FAIL,FLAGS==0,,
1181,165.059130,46.385630,tile_RA165.095_DECp46.230,True,0.366,tile_RA165.095_DECp46.230:1332,GATE_PASS,,S4S,elongation=1.187>1.1
1270,164.694210,48.719540,tile_RA165.095_DECp48.230,False,227.56,,NO_MATCH,,,"circle_cut (dist_from_center=33.42' pre_sep=0.10"")"
209,166.041100,11.239564,tile_RA165.945_DECp11.228,True,0.284,tile_RA165.945_DECp11.228:1944,GATE_FAIL,SNR_WIN>30;ELONG<1.3;SPREAD>-0.002,,
213,166.235720,11.553228,tile_RA165.945_DECp11.228,True,0.179,tile_RA165.945_DECp11.228:1071,GATE_FAIL,SPREAD>-0.002,,
2068,167.325990,65.440735,tile_RA166.394_DECp65.205,True,0.542,tile_RA166.394_DECp65.205:1192,GATE_FAIL,ELONG<1.3;SPREAD>-0.002,,
1406,166.802190,53.085186,tile_RA167.026_DECp53.230,True,0.158,tile_RA167.026_DECp53.230:629,GATE_FAIL,SNR_WIN>30;ELONG<1.3,,
936,166.896510,39.030020,tile_RA167.030_DECp39.217,True,0.265,tile_RA167.030_DECp39.217:394,GATE_FAIL,SPREAD>-0.002,,
1057,167.064240,43.096497,tile_RA167.030_DECp43.217,True,0.109,tile_RA167.030_DECp43.217:536,GATE_FAIL,ELONG<1.3,,
3034,173.850400,82.784680,tile_RA171.471_DECp83.200,False,79.39,,NO_MATCH,,,"circle_cut (dist_from_center=30.40' pre_sep=0.53"")"
1232,171.919900,49.036068,tile_RA171.995_DECp49.203,True,0.186,tile_RA171.995_DECp49.203:678,GATE_FAIL,FLAGS==0;2<FWHM<7;SPREAD>-0.002,,
2572,173.200400,73.128550,tile_RA172.232_DECp73.202,True,0.571,tile_RA172.232_DECp73.202:1334,GATE_FAIL,SPREAD>-0.002,,
3034,173.850400,82.784680,tile_RA172.291_DECp83.283,False,196.24,,NO_MATCH,,,"not_detected (nearest_pre=196.2"")"
1670,176.707170,59.423336,tile_RA175.977_DECp59.194,True,0.714,tile_RA175.977_DECp59.194:1648,GATE_FAIL,SNR_WIN>30;2<FWHM<7;SPREAD>-0.002,,
1140,177.976030,47.141903,tile_RA177.422_DECp47.193,True,0.624,tile_RA177.422_DECp47.193:788,GATE_PASS,,S4S,elongation=1.169>1.1;circularity=0.650<0.8
3016,180.792110,82.354230,tile_RA179.917_DECp82.200,True,0.615,tile_RA179.917_DECp82.200:1712,GATE_PASS,,PRE_S0,not_in_stage_S0
3028,180.479830,82.736275,tile_RA179.917_DECp83.200,True,0.842,tile_RA179.917_DECp83.200:66,GATE_PASS,,S4S,elongation=1.120>1.1
3073,183.262100,84.353130,tile_RA179.917_DECp84.200,True,0.957,tile_RA179.917_DECp84.200:1048,GATE_FAIL,SPREAD>-0.002,,
4942,18.750872,42.314796,tile_RA18.423_DECp42.776,False,106.24,,NO_MATCH,,,"circle_cut (dist_from_center=31.24' pre_sep=0.67"")"
2774,179.611920,77.619270,tile_RA181.039_DECp77.196,False,107.85,,NO_MATCH,,,"circle_cut (dist_from_center=31.52' pre_sep=0.83"")"
977,181.220840,42.445892,tile_RA181.845_DECp42.193,False,146.49,,NO_MATCH,,,"circle_cut (dist_from_center=31.58' pre_sep=0.31"")"
1005,181.697570,43.516163,tile_RA181.845_DECp43.193,True,0.551,tile_RA181.845_DECp43.193:941,GATE_FAIL,ELONG<1.3;SPREAD>-0.002,,
1386,183.130650,53.544120,tile_RA182.330_DECp53.193,False,364.65,,NO_MATCH,,,"circle_cut (dist_from_center=35.57' pre_sep=0.13"")"
1150,186.294250,47.164085,tile_RA185.792_DECp47.200,True,0.460,tile_RA185.792_DECp47.200:1554,GATE_FAIL,FLAGS==0,,
1130,187.401140,46.238144,tile_RA187.264_DECp46.200,True,0.531,tile_RA187.264_DECp46.200:894,GATE_FAIL,FLAGS==0;ELONG<1.3;SPREAD>-0.002,,
1575,188.100420,57.221560,tile_RA188.669_DECp57.200,True,0.546,tile_RA188.669_DECp57.200:1425,GATE_FAIL,SNR_WIN>30;ELONG<1.3;SPREAD>-0.002,,
965,189.638210,40.935646,tile_RA189.252_DECp41.201,True,0.328,tile_RA189.252_DECp41.201:292,GATE_PASS,,S4S,elongation=1.267>1.1;circularity=0.185<0.8
1003,189.260970,42.667420,tile_RA189.252_DECp42.201,True,0.267,tile_RA189.252_DECp42.201:572,GATE_FAIL,SPREAD>-0.002,,
4552,19.945833,53.873253,tile_RA19.511_DECp53.758,True,0.257,tile_RA19.511_DECp53.758:7488,GATE_FAIL,SPREAD>-0.002,,
1137,190.761140,46.120014,tile_RA190.208_DECp46.200,True,0.016,tile_RA190.208_DECp46.200:912,GATE_FAIL,SPREAD>-0.002,,
1145,190.158860,46.503902,tile_RA190.208_DECp46.200,True,0.182,tile_RA190.208_DECp46.200:1038,GATE_FAIL,ELONG<1.3,,
986,191.011700,41.631480,tile_RA190.582_DECp41.201,False,180.24,,NO_MATCH,,,"circle_cut (dist_from_center=32.26' pre_sep=0.30"")"
1066,196.864440,42.275623,tile_RA196.661_DECp42.223,True,0.265,tile_RA196.661_DECp42.223:1244,GATE_FAIL,SNR_WIN>30;2<FWHM<7;SPREAD>-0.002,,
3083,196.537730,84.712970,tile_RA196.810_DECp85.200,True,0.322,tile_RA196.810_DECp85.200:36,GATE_PASS,,S0M,spread_snr=15.5>5.0
2425,201.660570,69.770620,tile_RA201.738_DECp70.265,True,0.174,tile_RA201.738_DECp70.265:8,GATE_PASS,,S0M,spread_snr=7.2>5.0
1155,203.505430,42.741390,tile_RA204.073_DECp42.259,False,515.86,,NO_MATCH,,,"circle_cut (dist_from_center=38.32' pre_sep=0.05"")"
1403,205.185420,49.667490,tile_RA205.486_DECp49.267,True,0.114,tile_RA205.486_DECp49.267:651,GATE_FAIL,SPREAD>-0.002,,
2280,205.960170,66.215550,tile_RA206.614_DECp66.291,True,0.502,tile_RA206.614_DECp66.291:1474,GATE_FAIL,FLAGS==0;SPREAD>-0.002,,
1395,207.535700,48.331406,tile_RA206.960_DECp48.267,True,0.356,tile_RA206.960_DECp48.267:1265,GATE_FAIL,FLAGS==0;ELONG<1.3,,
2913,205.802100,78.651825,tile_RA207.179_DECp78.281,True,0.805,tile_RA207.179_DECp78.281:1061,GATE_PASS,,S0M,spread_snr=17.6>5.0
1251,211.550700,40.929016,tile_RA211.490_DECp41.306,True,0.475,tile_RA211.490_DECp41.306:161,GATE_FAIL,ELONG<1.3,,
3071,215.409150,82.949036,tile_RA213.107_DECp83.413,False,174.46,,NO_MATCH,,,"circle_cut (dist_from_center=32.30' pre_sep=1.03"")"
1777,222.122120,49.629475,tile_RA222.268_DECp49.397,True,0.387,tile_RA222.268_DECp49.397:1305,GATE_FAIL,SPREAD>-0.002,,
5004,23.959015,37.199287,tile_RA24.328_DECp36.748,False,165.36,,NO_MATCH,,,"circle_cut (dist_from_center=32.34' pre_sep=0.51"")"
2916,245.890700,64.480490,tile_RA244.770_DECp64.686,False,101.04,,NO_MATCH,,,"circle_cut (dist_from_center=31.38' pre_sep=0.67"")"
2806,248.848510,54.801113,tile_RA249.526_DECp54.690,True,0.572,tile_RA249.526_DECp54.690:2232,GATE_FAIL,FLAGS==0;ELONG<1.3,,
3881,26.577843,67.180810,tile_RA26.174_DECp66.717,True,0.327,tile_RA26.174_DECp66.717:6294,GATE_PASS,,S4S,elongation=1.166>1.1
4659,26.827087,48.890285,tile_RA26.248_DECp48.722,True,0.175,tile_RA26.248_DECp48.722:5528,GATE_FAIL,SPREAD>-0.002,,
4619,26.589357,49.717240,tile_RA26.248_DECp49.722,True,0.316,tile_RA26.248_DECp49.722:3699,GATE_FAIL,SPREAD>-0.002,,
3558,285.834400,40.442917,tile_RA286.154_DECp40.217,True,0.199,tile_RA286.154_DECp40.217:8253,GATE_PASS,,S4S,elongation=1.300>1.1;circularity=0.423<0.8
3568,286.723270,42.987366,tile_RA286.154_DECp43.217,True,0.543,tile_RA286.154_DECp43.217:3005,GATE_FAIL,SPREAD>-0.002,,
3454,287.327200,59.051033,tile_RA286.508_DECp59.226,True,0.667,tile_RA286.508_DECp59.226:2076,GATE_PASS,,PRE_S0,not_in_stage_S0
3589,287.115800,41.863277,tile_RA287.504_DECp42.217,True,0.256,tile_RA287.504_DECp42.217:1684,GATE_PASS,,S4S,elongation=1.150>1.1;circularity=0.347<0.8
4440,29.581127,53.645195,tile_RA29.184_DECp53.701,True,0.394,tile_RA29.184_DECp53.701:7247,GATE_PASS,,S4S,profile_diff=0.0509>0.05;elongation=1.143>1.1;circularity=0.772<0.8
4371,29.067986,55.883644,tile_RA29.184_DECp55.701,True,0.259,tile_RA29.184_DECp55.701:12737,GATE_FAIL,SPREAD>-0.002,,
4378,28.656815,55.850468,tile_RA29.184_DECp55.701,True,0.528,tile_RA29.184_DECp55.701:12252,GATE_FAIL,SPREAD>-0.002,,
4394,28.357010,55.571700,tile_RA29.184_DECp55.701,True,0.737,tile_RA29.184_DECp55.701:7018,GATE_PASS,,S4S,elongation=1.287>1.1;circularity=0.687<0.8
3813,295.121800,41.249054,tile_RA295.037_DECp41.317,True,0.343,tile_RA295.037_DECp41.317:9025,GATE_FAIL,SNR_WIN>30;ELONG<1.3;SPREAD>-0.002,,
3373,297.583860,76.089790,tile_RA297.455_DECp76.382,True,0.411,tile_RA297.455_DECp76.382:1003,GATE_FAIL,FLAGS==0,,
3641,298.228850,59.228690,tile_RA297.605_DECp59.370,True,0.556,tile_RA297.605_DECp59.370:3575,GATE_PASS,,PRE_S0,not_in_stage_S0
3906,298.982900,42.752230,tile_RA298.518_DECp42.411,True,0.215,tile_RA298.518_DECp42.411:21471,GATE_PASS,,S4S,elongation=1.256>1.1;circularity=0.353<0.8
3801,298.635160,48.880417,tile_RA298.560_DECp49.379,False,13.45,,NO_MATCH,,,"circle_cut (dist_from_center=30.06' pre_sep=0.41"")"
4802,30.639631,41.457466,tile_RA30.877_DECp41.691,True,0.507,tile_RA30.877_DECp41.691:1529,GATE_FAIL,SPREAD>-0.002,,
4759,30.632265,43.071102,tile_RA30.877_DECp42.691,True,0.328,tile_RA30.877_DECp42.691:3786,GATE_FAIL,SPREAD>-0.002,,
4368,30.141290,55.482574,tile_RA30.915_DECp55.701,True,0.553,tile_RA30.915_DECp55.701:5234,GATE_FAIL,SPREAD>-0.002,,
3984,300.796540,41.438390,tile_RA301.227_DECp41.411,False,5.33,,NO_MATCH,,,"not_detected (nearest_pre=5.3"")"
3954,301.676240,44.906710,tile_RA301.227_DECp44.411,False,330.33,,NO_MATCH,,,"circle_cut (dist_from_center=35.39' pre_sep=0.75"")"
4051,303.117550,42.337177,tile_RA302.581_DECp42.411,True,0.164,tile_RA302.581_DECp42.411:9990,GATE_FAIL,FLAGS==0,,
3772,302.804020,55.847404,tile_RA303.213_DECp55.457,True,0.075,tile_RA303.213_DECp55.457:10150,GATE_PASS,,S0M,fwhm_ratio=1.733>1.5;spread_snr=39.0>5.0
3879,304.498230,52.324620,tile_RA304.933_DECp52.457,True,0.573,tile_RA304.933_DECp52.457:7070,GATE_FAIL,FLAGS==0;ELONG<1.3,,
3903,305.283050,52.092900,tile_RA304.933_DECp52.457,True,0.681,tile_RA304.933_DECp52.457:2653,GATE_PASS,,S0M,spread_snr=8.3>5.0
4000,306.344020,49.177376,tile_RA305.622_DECp49.481,False,216.10,,NO_MATCH,,,"circle_cut (dist_from_center=33.60' pre_sep=0.40"")"
4105,307.226200,46.130253,tile_RA307.131_DECp46.481,True,0.716,tile_RA307.131_DECp46.481:3161,GATE_FAIL,SPREAD>-0.002,,
4067,306.935360,46.992462,tile_RA307.131_DECp47.481,False,33.30,,NO_MATCH,,,"circle_cut (dist_from_center=30.38' pre_sep=0.45"")"
4081,309.223420,49.052265,tile_RA308.639_DECp49.481,False,268.07,,NO_MATCH,,,"circle_cut (dist_from_center=34.43' pre_sep=0.76"")"
3774,308.046480,60.302414,tile_RA308.750_DECp60.501,True,0.303,tile_RA308.750_DECp60.501:3579,GATE_PASS,,S0M,fwhm_ratio=1.860>1.5;spread_snr=54.8>5.0
4323,309.079200,40.603058,tile_RA308.780_DECp40.499,True,0.094,tile_RA308.780_DECp40.499:3226,GATE_PASS,,S4S,elongation=1.172>1.1;circularity=0.127<0.8
4246,309.252720,43.414463,tile_RA308.780_DECp43.499,True,0.214,tile_RA308.780_DECp43.499:2281,GATE_FAIL,FLAGS==0,,
4182,308.229740,44.897160,tile_RA308.780_DECp44.499,False,217.87,,NO_MATCH,,,"circle_cut (dist_from_center=33.49' pre_sep=0.34"")"
4319,310.050870,42.124700,tile_RA310.137_DECp42.499,True,0.130,tile_RA310.137_DECp42.499:681,GATE_FAIL,SPREAD>-0.002,,
4285,309.969000,43.280315,tile_RA310.137_DECp43.499,True,0.152,tile_RA310.137_DECp43.499:2772,GATE_PASS,,S0M,fwhm_ratio=1.502>1.5;spread_snr=15.4>5.0
4187,311.982670,48.780670,tile_RA312.695_DECp48.572,False,62.76,,NO_MATCH,,,"circle_cut (dist_from_center=30.87' pre_sep=0.72"")"
4192,312.109560,48.773670,tile_RA312.695_DECp48.572,True,0.607,tile_RA312.695_DECp48.572:15234,GATE_PASS,,S4S,elongation=1.240>1.1;circularity=0.354<0.8
4047,313.287400,54.045730,tile_RA312.825_DECp53.561,False,202.93,,NO_MATCH,,,"circle_cut (dist_from_center=33.38' pre_sep=0.46"")"
4445,314.159850,42.179790,tile_RA313.628_DECp42.577,False,211.46,,NO_MATCH,,,"circle_cut (dist_from_center=33.52' pre_sep=0.35"")"
4260,314.801120,48.828260,tile_RA314.207_DECp48.572,True,0.394,tile_RA314.207_DECp48.572:17297,GATE_FAIL,FLAGS==0,,
4231,313.889920,49.095276,tile_RA314.207_DECp49.572,False,75.41,,NO_MATCH,,,"circle_cut (dist_from_center=31.17' pre_sep=0.51"")"
4233,314.912380,49.935284,tile_RA314.207_DECp49.572,False,302.58,,NO_MATCH,,,"circle_cut (dist_from_center=34.97' pre_sep=0.21"")"
4124,314.159900,52.483562,tile_RA314.550_DECp52.561,True,0.196,tile_RA314.550_DECp52.561:2329,GATE_FAIL,SNR_WIN>30,,
4159,314.936500,52.191032,tile_RA314.550_DECp52.561,True,0.084,tile_RA314.550_DECp52.561:910,GATE_FAIL,ELONG<1.3,,
3689,314.549220,67.531020,tile_RA315.010_DECp67.543,True,0.469,tile_RA315.010_DECp67.543:4374,GATE_FAIL,FLAGS==0,,
4541,316.477260,40.742596,tile_RA316.344_DECp40.577,True,0.517,tile_RA316.344_DECp40.577:15356,GATE_FAIL,SPREAD>-0.002,,
4329,317.977800,49.793194,tile_RA317.229_DECp49.572,False,123.41,,NO_MATCH,,,"circle_cut (dist_from_center=31.96' pre_sep=0.75"")"
4386,318.725700,48.882360,tile_RA318.740_DECp48.572,True,0.812,tile_RA318.740_DECp48.572:20857,GATE_FAIL,SPREAD>-0.002,,
4474,321.881740,48.297520,tile_RA321.292_DECp48.650,False,96.57,,NO_MATCH,,,"circle_cut (dist_from_center=31.58' pre_sep=0.47"")"
3970,322.985500,61.827730,tile_RA321.975_DECp61.614,False,127.66,,NO_MATCH,,,"circle_cut (dist_from_center=31.46' pre_sep=0.55"")"
4202,322.802250,55.931416,tile_RA322.461_DECp55.650,True,0.147,tile_RA322.461_DECp55.650:11636,GATE_FAIL,SNR_WIN>30;ELONG<1.3;SPREAD>-0.002,,
3817,323.961760,66.610800,tile_RA323.287_DECp66.665,True,0.217,tile_RA323.287_DECp66.665:3769,GATE_FAIL,ELONG<1.3;SPREAD>-0.002,,
4625,324.235020,44.493920,tile_RA323.917_DECp44.646,True,0.514,tile_RA323.917_DECp44.646:8199,GATE_FAIL,SNR_WIN>30;ELONG<1.3;SPREAD>-0.002,,
4706,325.267880,42.361958,tile_RA325.276_DECp42.646,True,0.279,tile_RA325.276_DECp42.646:4322,GATE_PASS,,S4S,profile_diff=0.1261>0.05;elongation=1.111>1.1
4671,325.339720,44.124413,tile_RA325.276_DECp43.646,True,0.820,tile_RA325.276_DECp43.646:18465,GATE_FAIL,FLAGS==0,,
3899,328.010130,65.462260,tile_RA328.336_DECp65.665,True,0.768,tile_RA328.336_DECp65.665:4428,GATE_FAIL,SNR_WIN>30,,
4756,328.684700,42.759174,tile_RA328.776_DECp42.704,True,0.158,tile_RA328.776_DECp42.704:9477,GATE_FAIL,SPREAD>-0.002,,
4002,34.230354,62.014618,tile_RA33.615_DECp61.667,True,0.100,tile_RA33.615_DECp61.667:7441,GATE_PASS,,S4S,elongation=1.232>1.1;circularity=0.401<0.8
4783,329.909550,42.542904,tile_RA330.137_DECp42.704,True,0.104,tile_RA330.137_DECp42.704:5188,GATE_FAIL,ELONG<1.3,,
4732,329.489900,44.186474,tile_RA330.137_DECp43.704,False,619.32,,NO_MATCH,,,"circle_cut (dist_from_center=40.24' pre_sep=0.34"")"
4096,330.550750,61.326748,tile_RA331.160_DECp61.703,True,0.268,tile_RA331.160_DECp61.703:2090,GATE_PASS,,S0M,spread_snr=20.4>5.0
4466,332.388900,53.924015,tile_RA332.117_DECp53.720,True,0.857,tile_RA332.117_DECp53.720:19435,GATE_PASS,,S4S,profile_diff=0.0519>0.05;elongation=1.176>1.1;circularity=0.691<0.8
4843,332.895900,42.228960,tile_RA332.858_DECp42.704,True,0.455,tile_RA332.858_DECp42.704:340,GATE_FAIL,SNR_WIN>30;ELONG<1.3;SPREAD>-0.002,,
3866,333.359560,67.449100,tile_RA334.116_DECp67.752,True,0.699,tile_RA334.116_DECp67.752:3401,GATE_FAIL,FLAGS==0,,
4879,336.597020,42.535778,tile_RA336.361_DECp42.750,False,11.78,,NO_MATCH,,,"not_detected (nearest_pre=11.8"")"
4956,339.585750,41.282270,tile_RA339.085_DECp41.750,False,358.60,,NO_MATCH,,,"circle_cut (dist_from_center=35.97' pre_sep=0.38"")"
4333,34.194984,54.434013,tile_RA34.376_DECp54.701,True,0.419,tile_RA34.376_DECp54.701:4446,GATE_FAIL,SPREAD>-0.002,,
4711,339.612180,49.299490,tile_RA340.041_DECp49.762,False,147.72,,NO_MATCH,,,"circle_cut (dist_from_center=32.39' pre_sep=0.69"")"
4201,339.957180,61.681217,tile_RA340.364_DECp61.766,True,0.268,tile_RA340.364_DECp61.766:4385,GATE_FAIL,SNR_WIN>30;ELONG<1.3;SPREAD>-0.002,,
4221,340.421400,61.388298,tile_RA340.364_DECp61.766,True,0.211,tile_RA340.364_DECp61.766:1384,GATE_PASS,,S4S,profile_diff=0.0514>0.05;elongation=1.171>1.1
3460,343.326840,80.252060,tile_RA340.729_DECp79.781,False,554.13,,NO_MATCH,,,"circle_cut (dist_from_center=39.10' pre_sep=0.38"")"
3656,339.162050,74.430390,tile_RA341.009_DECp74.761,False,338.97,,NO_MATCH,,,"circle_cut (dist_from_center=35.49' pre_sep=0.68"")"
3902,341.251280,68.011550,tile_RA341.717_DECp67.752,True,0.488,tile_RA341.717_DECp67.752:11914,GATE_PASS,,S4S,profile_diff=0.1030>0.05;elongation=1.172>1.1
4934,342.202450,42.870472,tile_RA341.808_DECp42.750,True,0.381,tile_RA341.808_DECp42.750:6285,GATE_FAIL,ELONG<1.3;SPREAD>-0.002,,
4356,343.319500,59.502533,tile_RA342.411_DECp59.766,False,124.21,,NO_MATCH,,,"circle_cut (dist_from_center=31.77' pre_sep=0.38"")"
4280,342.867280,60.758034,tile_RA342.411_DECp60.766,True,0.294,tile_RA342.411_DECp60.766:5248,GATE_PASS,,S0M,spread_snr=8.9>5.0
3729,345.207100,72.717000,tile_RA344.383_DECp72.761,False,10.28,,NO_MATCH,,,"not_detected (nearest_pre=10.3"")"
3742,345.257500,72.300590,tile_RA344.383_DECp72.761,False,113.59,,NO_MATCH,,,"circle_cut (dist_from_center=31.80' pre_sep=0.57"")"
4224,345.036960,62.116226,tile_RA344.459_DECp61.766,True,0.493,tile_RA344.459_DECp61.766:3841,GATE_PASS,,S4S,elongation=1.127>1.1;circularity=0.595<0.8
4546,345.402950,55.242330,tile_RA345.257_DECp54.771,True,0.318,tile_RA345.257_DECp54.771:21595,GATE_FAIL,FLAGS==0;ELONG<1.3;SPREAD>-0.002,,
3491,347.456880,79.263820,tile_RA345.869_DECp78.781,False,260.54,,NO_MATCH,,,"circle_cut (dist_from_center=34.18' pre_sep=0.37"")"
3460,343.326840,80.252060,tile_RA345.869_DECp79.781,False,550.95,,NO_MATCH,,,"circle_cut (dist_from_center=38.70' pre_sep=0.73"")"
3966,346.382420,67.213040,tile_RA347.517_DECp66.799,False,402.73,,NO_MATCH,,,"circle_cut (dist_from_center=36.39' pre_sep=0.51"")"
4003,347.699250,66.603520,tile_RA347.517_DECp66.799,True,0.133,tile_RA347.517_DECp66.799:3534,GATE_PASS,,S4S,profile_diff=0.0625>0.05;elongation=1.145>1.1;circularity=0.630<0.8
4842,348.060120,47.671368,tile_RA348.671_DECp47.793,True,0.246,tile_RA348.671_DECp47.793:4862,GATE_FAIL,FLAGS==0;SPREAD>-0.002,,
4768,348.512970,49.921936,tile_RA348.671_DECp49.793,True,0.331,tile_RA348.671_DECp49.793:8895,GATE_PASS,,S0M,spread_snr=5.3>5.0
4573,349.116060,54.934330,tile_RA349.737_DECp54.800,True,0.877,tile_RA349.737_DECp54.800:13821,GATE_FAIL,FLAGS==0,,
4122,35.677494,58.567100,tile_RA35.656_DECp58.667,True,0.390,tile_RA35.656_DECp58.667:6127,GATE_PASS,,S4S,circularity=0.410<0.8
3965,35.014862,62.655415,tile_RA35.656_DECp62.667,True,0.126,tile_RA35.656_DECp62.667:6221,GATE_FAIL,ELONG<1.3,,
4815,36.273320,36.249588,tile_RA35.960_DECp36.652,True,0.136,tile_RA35.960_DECp36.652:383,GATE_FAIL,SPREAD>-0.002,,
4063,351.194500,65.602970,tile_RA350.055_DECp65.799,False,39.57,,NO_MATCH,,,"circle_cut (dist_from_center=30.49' pre_sep=0.12"")"
3990,350.256770,66.967430,tile_RA350.055_DECp66.799,True,0.317,tile_RA350.055_DECp66.799:7750,GATE_PASS,,S4S,elongation=1.183>1.1;circularity=0.764<0.8
4874,349.551000,46.651608,tile_RA350.189_DECp46.793,True,0.237,tile_RA350.189_DECp46.793:3755,GATE_FAIL,SNR_WIN>30,,
4851,349.631100,47.630440,tile_RA350.189_DECp47.793,True,0.413,tile_RA350.189_DECp47.793:3930,GATE_FAIL,SPREAD>-0.002,,
4793,349.632200,49.276844,tile_RA350.189_DECp48.793,False,383.91,,NO_MATCH,,,"circle_cut (dist_from_center=36.37' pre_sep=0.48"")"
4617,351.270720,54.262220,tile_RA351.472_DECp53.800,True,0.316,tile_RA351.472_DECp53.800:18743,GATE_FAIL,SPREAD>-0.002,,
4404,352.107150,59.556137,tile_RA351.630_DECp59.801,True,0.506,tile_RA351.630_DECp59.801:3474,GATE_FAIL,SPREAD>-0.002,,
4352,351.882350,60.634020,tile_RA351.630_DECp60.801,True,0.441,tile_RA351.630_DECp60.801:5595,GATE_FAIL,ELONG<1.3,,
4360,351.200130,60.418972,tile_RA351.630_DECp60.801,True,0.459,tile_RA351.630_DECp60.801:1890,GATE_FAIL,FLAGS==0;ELONG<1.3;SPREAD>-0.002,,
4849,351.984220,48.013290,tile_RA351.707_DECp47.793,True,0.509,tile_RA351.707_DECp47.793:8660,GATE_PASS,,S4S,circularity=0.239<0.8
4821,351.140960,48.708950,tile_RA351.707_DECp48.793,True,0.383,tile_RA351.707_DECp48.793:5267,GATE_FAIL,SPREAD>-0.002,,
4782,352.227300,49.965890,tile_RA351.707_DECp49.793,True,0.564,tile_RA351.707_DECp49.793:9758,GATE_FAIL,SPREAD>-0.002,,
4119,353.338070,64.798515,tile_RA352.593_DECp64.799,True,0.422,tile_RA352.593_DECp64.799:6821,GATE_FAIL,ELONG<1.3,,
4059,352.703200,65.799126,tile_RA352.593_DECp65.799,True,0.346,tile_RA352.593_DECp65.799:3823,GATE_PASS,,S4S,elongation=1.272>1.1;circularity=0.079<0.8
4040,353.840600,66.432686,tile_RA352.593_DECp66.799,False,425.17,,NO_MATCH,,,"not_detected (nearest_pre=10.9"")"
3904,353.269740,69.052050,tile_RA352.593_DECp68.799,True,0.605,tile_RA352.593_DECp68.799:8419,GATE_FAIL,FLAGS==0,,
5026,352.852940,41.668934,tile_RA352.909_DECp41.802,True,0.176,tile_RA352.909_DECp41.802:2273,GATE_FAIL,SPREAD>-0.002,,
4985,352.926360,43.827408,tile_RA352.909_DECp43.802,True,0.595,tile_RA352.909_DECp43.802:3985,GATE_FAIL,ELONG<1.3,,
4429,354.014980,59.067880,tile_RA353.680_DECp58.801,True,0.315,tile_RA353.680_DECp58.801:11632,GATE_PASS,,S0M,spread_snr=44.6>5.0
4343,353.789340,60.937820,tile_RA353.680_DECp60.801,True,0.538,tile_RA353.680_DECp60.801:9197,GATE_FAIL,ELONG<1.3;SPREAD>-0.002,,
4346,352.846200,60.860770,tile_RA353.680_DECp60.801,True,0.574,tile_RA353.680_DECp60.801:7935,GATE_PASS,,S0M,spread_snr=13.0>5.0
4366,354.622680,60.521233,tile_RA353.680_DECp60.801,False,156.73,,NO_MATCH,,,"circle_cut (dist_from_center=32.40' pre_sep=0.55"")"
4313,353.515800,61.338615,tile_RA353.680_DECp61.801,True,0.594,tile_RA353.680_DECp61.801:768,GATE_FAIL,SNR_WIN>30,,
4988,353.970180,43.889310,tile_RA354.272_DECp43.802,True,0.416,tile_RA354.272_DECp43.802:4408,GATE_PASS,,S0M,spread_snr=23.9>5.0
4944,354.760160,45.276290,tile_RA354.272_DECp44.802,False,317.40,,NO_MATCH,,,"circle_cut (dist_from_center=35.19' pre_sep=0.59"")"
4666,355.002620,53.749676,tile_RA354.942_DECp53.800,True,0.983,tile_RA354.942_DECp53.800:7698,GATE_FAIL,ELONG<1.3,,
3958,354.490200,67.957855,tile_RA355.132_DECp67.799,True,1.028,tile_RA355.132_DECp67.799:6273,GATE_FAIL,FLAGS==0,,
3964,357.791380,67.890560,tile_RA356.612_DECp67.828,False,19.42,,NO_MATCH,,,"not_detected (nearest_pre=19.4"")"
4629,356.572970,54.435490,tile_RA356.676_DECp54.800,True,0.820,tile_RA356.676_DECp54.800:2454,GATE_FAIL,FLAGS==0;ELONG<1.3;SPREAD>-0.002,,
4848,357.646420,48.486305,tile_RA357.305_DECp48.807,True,0.125,tile_RA357.305_DECp48.807:1966,GATE_FAIL,ELONG<1.3,,
3964,357.791380,67.890560,tile_RA357.670_DECp67.799,True,0.453,tile_RA357.670_DECp67.799:4386,GATE_FAIL,SPREAD>-0.002,,
3805,357.346130,71.487434,tile_RA358.516_DECp71.807,True,0.444,tile_RA358.516_DECp71.807:2445,GATE_FAIL,2<FWHM<7,,
3806,357.031500,71.473816,tile_RA358.516_DECp71.807,False,269.67,,NO_MATCH,,,"circle_cut (dist_from_center=34.45' pre_sep=0.66"")"
3805,357.346130,71.487434,tile_RA358.763_DECp71.807,False,198.16,,NO_MATCH,,,"not_detected (nearest_pre=21.4"")"
4892,358.353270,47.101852,tile_RA358.824_DECp46.807,True,0.294,tile_RA358.824_DECp46.807:7987,GATE_FAIL,SPREAD>-0.002,,
4904,359.511320,46.890090,tile_RA358.824_DECp46.807,True,0.096,tile_RA358.824_DECp46.807:5216,GATE_PASS,,S4S,elongation=1.244>1.1;circularity=0.772<0.8
4869,358.271640,47.849884,tile_RA358.824_DECp47.807,True,0.511,tile_RA358.824_DECp47.807:4724,GATE_FAIL,FLAGS==0;ELONG<1.3,,
4071,359.272700,65.713740,tile_RA359.154_DECp65.828,True,0.239,tile_RA359.154_DECp65.828:2830,GATE_FAIL,FLAGS==0;SPREAD>-0.002,,
4811,36.940094,35.801453,tile_RA37.207_DECp35.652,True,0.726,tile_RA37.207_DECp35.652:3069,GATE_FAIL,SPREAD>-0.002,,
4749,38.203472,37.424362,tile_RA38.453_DECp37.652,True,0.623,tile_RA38.453_DECp37.652:1460,GATE_FAIL,SPREAD>-0.002,,
4656,38.245820,41.721836,tile_RA38.457_DECp41.630,True,0.184,tile_RA38.457_DECp41.630:5420,GATE_FAIL,SPREAD>-0.002,,
3765,40.606377,66.594690,tile_RA39.533_DECp66.614,True,0.666,tile_RA39.533_DECp66.614:4071,GATE_PASS,,S4S,elongation=1.187>1.1;circularity=0.216<0.8
4716,39.864357,36.988377,tile_RA39.700_DECp36.652,True,0.908,tile_RA39.700_DECp36.652:3330,GATE_FAIL,SPREAD>-0.002,,
4069,4.140677,65.677080,tile_RA4.236_DECp65.828,True,0.636,tile_RA4.236_DECp65.828:2591,GATE_PASS,,S0M,spread_snr=17.5>5.0
5139,4.417573,36.381370,tile_RA4.365_DECp36.807,True,0.821,tile_RA4.365_DECp36.807:408,GATE_PASS,,S4S,profile_diff=0.0617>0.05;circularity=0.699<0.8
5140,3.902086,36.376050,tile_RA4.365_DECp36.807,False,256.74,,NO_MATCH,,,"circle_cut (dist_from_center=34.15' pre_sep=0.40"")"
3451,41.352660,78.410750,tile_RA40.700_DECp78.536,True,0.749,tile_RA40.700_DECp78.536:2541,GATE_FAIL,SPREAD>-0.002,,
4370,41.977493,48.750324,tile_RA41.960_DECp48.583,True,0.143,tile_RA41.960_DECp48.583:8710,GATE_FAIL,SPREAD>-0.002,,
4111,42.924570,54.992653,tile_RA42.296_DECp54.625,False,66.20,,NO_MATCH,,,"circle_cut (dist_from_center=30.97' pre_sep=0.68"")"
4388,43.181900,47.324420,tile_RA43.471_DECp47.583,True,0.216,tile_RA43.471_DECp47.583:2612,GATE_FAIL,SPREAD>-0.002,,
4303,43.767937,49.038680,tile_RA43.471_DECp48.583,True,0.174,tile_RA43.471_DECp48.583:9574,GATE_FAIL,SPREAD>-0.002,,
4665,44.400500,34.502106,tile_RA44.262_DECp34.589,True,0.257,tile_RA44.262_DECp34.589:2577,GATE_PASS,,S4S,circularity=0.692<0.8
4657,44.043365,35.354210,tile_RA44.262_DECp35.589,True,0.203,tile_RA44.262_DECp35.589:1171,GATE_PASS,,SURVIVOR,
3683,44.768080,68.095250,tile_RA44.572_DECp67.614,True,0.954,tile_RA44.572_DECp67.614:3070,GATE_PASS,,PRE_S0,not_in_stage_S0
3693,43.727770,68.059830,tile_RA44.572_DECp67.614,False,184.39,,NO_MATCH,,,"circle_cut (dist_from_center=32.87' pre_sep=0.79"")"
4236,45.125134,49.771446,tile_RA44.983_DECp49.583,True,0.363,tile_RA44.983_DECp49.583:8238,GATE_FAIL,SPREAD>-0.002,,
4243,44.777250,49.804688,tile_RA44.983_DECp49.583,True,0.730,tile_RA44.983_DECp49.583:8588,GATE_FAIL,SPREAD>-0.002,,
4010,47.558110,54.670048,tile_RA46.755_DECp54.531,True,0.415,tile_RA46.755_DECp54.531:7564,GATE_FAIL,SPREAD>-0.002,,
4441,46.887520,41.011550,tile_RA47.387_DECp40.559,False,339.89,,NO_MATCH,,,"circle_cut (dist_from_center=35.39' pre_sep=0.33"")"
4448,46.749720,41.055702,tile_RA47.387_DECp40.559,False,722.35,,NO_MATCH,,,"circle_cut (dist_from_center=41.54' pre_sep=0.54"")"
3994,49.108852,53.834430,tile_RA48.478_DECp53.531,True,0.698,tile_RA48.478_DECp53.531:8009,GATE_FAIL,SPREAD>-0.002,,
3918,52.273550,54.135365,tile_RA51.925_DECp54.531,True,0.877,tile_RA51.925_DECp54.531:1080,GATE_PASS,,S0M,spread_snr=9.3>5.0
4116,51.651650,47.096783,tile_RA52.063_DECp47.494,True,0.688,tile_RA52.063_DECp47.494:1234,GATE_PASS,,PRE_S0,not_in_stage_S0
4044,52.690495,48.549520,tile_RA52.063_DECp48.494,True,0.163,tile_RA52.063_DECp48.494:6222,GATE_PASS,,S0M,spread_snr=6.1>5.0
4094,52.985317,46.079390,tile_RA53.572_DECp46.494,False,294.42,,NO_MATCH,,,"circle_cut (dist_from_center=34.79' pre_sep=0.66"")"
3981,53.173916,50.391933,tile_RA53.572_DECp50.494,True,0.164,tile_RA53.572_DECp50.494:5596,GATE_PASS,,S4S,elongation=1.160>1.1;circularity=0.615<0.8
3957,55.436573,48.828280,tile_RA55.081_DECp48.494,True,0.427,tile_RA55.081_DECp48.494:11365,GATE_PASS,,S4S,elongation=1.253>1.1
3643,54.466250,65.317380,tile_RA55.334_DECp65.478,True,0.651,tile_RA55.334_DECp65.478:3077,GATE_FAIL,SPREAD>-0.002,,
4123,58.548492,35.715904,tile_RA58.354_DECp35.438,True,0.346,tile_RA58.354_DECp35.438:4557,GATE_PASS,,S4S,elongation=1.142>1.1;circularity=0.771<0.8
4117,57.948270,37.177677,tile_RA58.354_DECp37.438,True,0.198,tile_RA58.354_DECp37.438:1802,GATE_PASS,,S4S,circularity=0.539<0.8
3860,58.964730,48.688828,tile_RA59.133_DECp48.394,True,0.055,tile_RA59.133_DECp48.394:11303,GATE_FAIL,SPREAD>-0.002,,
4099,58.988853,35.732018,tile_RA59.597_DECp35.438,False,280.92,,NO_MATCH,,,"circle_cut (dist_from_center=34.52' pre_sep=0.47"")"
4066,59.506424,36.182407,tile_RA59.597_DECp36.438,True,0.246,tile_RA59.597_DECp36.438:1224,GATE_FAIL,SPREAD>-0.002,,
5011,6.987226,42.453407,tile_RA6.740_DECp42.798,True,0.860,tile_RA6.740_DECp42.798:931,GATE_PASS,,PRE_S0,not_in_stage_S0
3962,7.879931,67.704110,tile_RA6.778_DECp67.828,True,0.411,tile_RA6.778_DECp67.828:4851,GATE_PASS,,S0M,fwhm_ratio=1.721>1.5;spread_snr=92.1>5.0
3974,7.545218,67.549830,tile_RA6.778_DECp67.828,True,0.241,tile_RA6.778_DECp67.828:2944,GATE_FAIL,SPREAD>-0.002,,
3989,61.371758,36.419773,tile_RA60.840_DECp36.438,False,36.13,,NO_MATCH,,,"not_detected (nearest_pre=36.1"")"
3892,61.691160,42.404346,tile_RA61.145_DECp42.388,True,0.287,tile_RA61.145_DECp42.388:5902,GATE_FAIL,SPREAD>-0.002,,
3875,61.744587,43.099693,tile_RA61.145_DECp43.388,False,103.71,,NO_MATCH,,,"circle_cut (dist_from_center=31.40' pre_sep=0.28"")"
3745,62.199830,50.692150,tile_RA62.145_DECp50.394,True,0.405,tile_RA62.145_DECp50.394:7730,GATE_FAIL,SPREAD>-0.002,,
3877,62.040910,42.445534,tile_RA62.498_DECp42.388,True,0.272,tile_RA62.498_DECp42.388:6857,GATE_PASS,,S0M,spread_snr=16.9>5.0
3819,63.046850,44.619427,tile_RA62.498_DECp44.388,True,0.629,tile_RA62.498_DECp44.388:10085,GATE_FAIL,SPREAD>-0.002,,
3931,63.225890,36.350662,tile_RA62.905_DECp36.351,True,0.362,tile_RA62.905_DECp36.351:4516,GATE_FAIL,SPREAD>-0.002,,
3671,63.572290,54.877823,tile_RA63.248_DECp54.423,True,0.486,tile_RA63.248_DECp54.423:9328,GATE_FAIL,SNR_WIN>30,,
3741,64.334460,47.299680,tile_RA63.651_DECp47.394,True,0.831,tile_RA63.651_DECp47.394:4741,GATE_PASS,,S0M,fwhm_ratio=1.535>1.5;spread_snr=12.2>5.0
3842,63.243404,42.580715,tile_RA63.852_DECp42.388,True,0.176,tile_RA63.852_DECp42.388:7852,GATE_PASS,,SURVIVOR,
3798,64.469590,43.137638,tile_RA63.852_DECp43.388,False,53.75,,NO_MATCH,,,"circle_cut (dist_from_center=30.88' pre_sep=0.42"")"
3927,63.751377,35.254417,tile_RA64.147_DECp35.351,True,0.187,tile_RA64.147_DECp35.351:3072,GATE_PASS,,S4S,circularity=0.786<0.8
3882,63.947853,37.788773,tile_RA64.147_DECp37.351,True,0.288,tile_RA64.147_DECp37.351:6181,GATE_PASS,,S4S,elongation=1.152>1.1
3859,65.162970,35.948586,tile_RA65.388_DECp36.351,True,0.306,tile_RA65.388_DECp36.351:695,GATE_PASS,,S0M,spread_snr=8.2>5.0
3839,65.610210,36.972565,tile_RA65.388_DECp37.351,True,0.376,tile_RA65.388_DECp37.351:706,GATE_PASS,,S4S,elongation=1.153>1.1
3463,65.485340,66.611150,tile_RA66.046_DECp66.318,True,0.052,tile_RA66.046_DECp66.318:7788,GATE_FAIL,SPREAD>-0.002,,
3619,67.130830,53.182346,tile_RA67.679_DECp53.303,True,0.077,tile_RA67.679_DECp53.303:4476,GATE_PASS,,PRE_S0,not_in_stage_S0
3707,68.153534,41.880096,tile_RA68.686_DECp42.292,False,259.29,,NO_MATCH,,,"circle_cut (dist_from_center=34.25' pre_sep=0.45"")"
3489,69.366520,59.220135,tile_RA69.157_DECp59.308,True,0.783,tile_RA69.157_DECp59.308:5598,GATE_FAIL,SPREAD>-0.002,,
3638,69.061630,47.647137,tile_RA69.197_DECp47.285,True,0.399,tile_RA69.197_DECp47.285:10555,GATE_FAIL,SPREAD>-0.002,,
3632,69.187584,47.908726,tile_RA69.197_DECp48.285,True,0.484,tile_RA69.197_DECp48.285:1624,GATE_FAIL,SPREAD>-0.002,,
3611,69.514336,49.160780,tile_RA69.197_DECp49.285,True,0.369,tile_RA69.197_DECp49.285:4561,GATE_FAIL,SPREAD>-0.002,,
3584,69.338250,52.206420,tile_RA69.392_DECp52.303,True,0.460,tile_RA69.392_DECp52.303:4776,GATE_PASS,,S0M,spread_snr=13.2>5.0
3669,70.279205,40.920155,tile_RA70.038_DECp41.292,True,0.501,tile_RA70.038_DECp41.292:2041,GATE_FAIL,ELONG<1.3;SPREAD>-0.002,,
3648,70.498090,42.711758,tile_RA70.038_DECp42.292,False,146.78,,NO_MATCH,,,"circle_cut (dist_from_center=32.38' pre_sep=0.43"")"
3560,70.771720,50.771465,tile_RA70.700_DECp50.285,True,0.603,tile_RA70.700_DECp50.285:15214,GATE_FAIL,SPREAD>-0.002,,
3528,70.729540,54.055912,tile_RA71.106_DECp54.303,True,0.268,tile_RA71.106_DECp54.303:3470,GATE_FAIL,ELONG<1.3;SPREAD>-0.002,,
3660,71.460434,37.379616,tile_RA71.175_DECp37.260,True,0.291,tile_RA71.175_DECp37.260:5159,GATE_FAIL,SPREAD>-0.002,,
3622,71.110380,43.666310,tile_RA71.390_DECp43.292,True,0.532,tile_RA71.390_DECp43.292:14187,GATE_PASS,,S0M,fwhm_ratio=1.617>1.5;spread_snr=19.8>5.0
3567,71.485985,48.598907,tile_RA72.203_DECp48.285,False,263.79,,NO_MATCH,,,"circle_cut (dist_from_center=34.19' pre_sep=0.08"")"
3661,72.139946,34.483944,tile_RA72.415_DECp34.260,True,0.536,tile_RA72.415_DECp34.260:4420,GATE_FAIL,SPREAD>-0.002,,
3649,72.278730,36.049538,tile_RA72.415_DECp36.260,True,0.487,tile_RA72.415_DECp36.260:2472,GATE_FAIL,SPREAD>-0.002,,
3465,73.330864,54.314587,tile_RA72.820_DECp54.303,True,0.195,tile_RA72.820_DECp54.303:7316,GATE_FAIL,SPREAD>-0.002,,
3353,74.705110,66.961480,tile_RA73.515_DECp67.318,False,330.69,,NO_MATCH,,,"circle_cut (dist_from_center=35.03' pre_sep=0.41"")"
3600,73.784730,36.069386,tile_RA73.655_DECp36.260,True,0.226,tile_RA73.655_DECp36.260:2948,GATE_FAIL,SPREAD>-0.002,,
3601,73.799810,35.872868,tile_RA73.655_DECp36.260,True,0.238,tile_RA73.655_DECp36.260:1102,GATE_PASS,,S4S,elongation=1.230>1.1;circularity=0.164<0.8
3572,74.677780,36.489950,tile_RA74.895_DECp36.260,True,0.125,tile_RA74.895_DECp36.260:8071,GATE_FAIL,SPREAD>-0.002,,
3486,76.336790,40.788620,tile_RA76.216_DECp41.191,True,0.200,tile_RA76.216_DECp41.191:1872,GATE_PASS,,S4S,elongation=1.169>1.1;circularity=0.638<0.8
3493,75.534836,43.214867,tile_RA76.216_DECp43.191,True,0.265,tile_RA76.216_DECp43.191:10728,GATE_FAIL,SPREAD>-0.002,,
3444,78.169395,44.117980,tile_RA77.565_DECp44.191,True,0.315,tile_RA77.565_DECp44.191:8048,GATE_FAIL,2<FWHM<7;SPREAD>-0.002,,
3446,77.438730,46.963882,tile_RA77.737_DECp47.170,True,0.334,tile_RA77.737_DECp47.170:5145,GATE_PASS,,S4S,circularity=0.360<0.8
3452,77.150930,47.144710,tile_RA77.737_DECp47.170,True,0.563,tile_RA77.737_DECp47.170:8112,GATE_FAIL,SPREAD>-0.002,,
3339,79.113070,58.783127,tile_RA78.222_DECp59.159,False,359.51,,NO_MATCH,,,"circle_cut (dist_from_center=35.61' pre_sep=0.37"")"
3429,80.591730,31.218666,tile_RA80.674_DECp31.131,True,0.415,tile_RA80.674_DECp31.131:6260,GATE_PASS,,S4S,profile_diff=0.0644>0.05;elongation=1.169>1.1;circularity=0.663<0.8
3417,81.381810,29.648605,tile_RA81.830_DECp30.131,False,437.92,,NO_MATCH,,,"circle_cut (dist_from_center=37.17' pre_sep=0.15"")"
3388,81.929980,31.581707,tile_RA81.830_DECp31.131,True,0.428,tile_RA81.830_DECp31.131:9574,GATE_FAIL,ELONG<1.3,,
3306,82.779770,48.132114,tile_RA82.235_DECp48.170,True,0.291,tile_RA82.235_DECp48.170:7044,GATE_FAIL,SPREAD>-0.002,,
3204,83.479990,73.250600,tile_RA82.855_DECp73.040,True,0.734,tile_RA82.855_DECp73.040:3558,GATE_PASS,,S4S,circularity=0.261<0.8
3194,80.991090,82.236694,tile_RA84.513_DECp82.144,True,0.386,tile_RA84.513_DECp82.144:3821,GATE_PASS,,S4S,circularity=0.764<0.8
3245,85.865410,29.260366,tile_RA85.667_DECp29.061,True,0.323,tile_RA85.667_DECp29.061:7398,GATE_FAIL,SPREAD>-0.002,,
3251,85.790630,28.764412,tile_RA85.667_DECp29.061,True,0.669,tile_RA85.667_DECp29.061:1815,GATE_FAIL,SPREAD>-0.002,,
3256,85.616250,29.348227,tile_RA85.667_DECp29.061,True,0.552,tile_RA85.667_DECp29.061:8243,GATE_FAIL,SPREAD>-0.002,,
3262,85.533420,28.973177,tile_RA85.667_DECp29.061,True,0.554,tile_RA85.667_DECp29.061:4248,GATE_FAIL,SPREAD>-0.002,,
3266,85.408394,29.302797,tile_RA85.667_DECp29.061,True,0.499,tile_RA85.667_DECp29.061:8607,GATE_PASS,,S0M,fwhm_ratio=1.576>1.5;spread_snr=22.4>5.0
3212,86.470010,47.177010,tile_RA86.256_DECp47.051,True,2.402,tile_RA86.256_DECp47.051:7563,GATE_PASS,,S0M,spread_snr=7.4>5.0
3211,86.430145,47.779630,tile_RA86.256_DECp48.051,True,2.446,tile_RA86.256_DECp48.051:2707,GATE_FAIL,SPREAD>-0.002,,
3228,86.348190,30.516348,tile_RA86.822_DECp30.061,False,413.82,,NO_MATCH,,,"circle_cut (dist_from_center=36.73' pre_sep=0.28"")"
4650,10.039765,53.555603,tile_RA9.828_DECp53.794,True,0.807,tile_RA9.828_DECp53.794:3363,GATE_PASS,,S4S,circularity=0.686<0.8
3128,92.120680,-0.298012,tile_RA91.857_DECm0.013,True,0.663,tile_RA91.857_DECm0.013:2150,GATE_FAIL,FLAGS==0,,
3140,91.511284,-0.685598,tile_RA91.857_DECm1.013,True,0.521,tile_RA91.857_DECm1.013:7734,GATE_FAIL,FLAGS==0;SPREAD>-0.002,,
3122,92.498910,-0.333335,tile_RA92.857_DECm0.013,True,0.613,tile_RA92.857_DECm0.013:1905,GATE_FAIL,ELONG<1.3,,
3120,92.622690,-0.825467,tile_RA92.857_DECm1.013,True,0.189,tile_RA92.857_DECm1.013:7108,GATE_FAIL,SNR_WIN>30;SPREAD>-0.002,,
3038,97.101944,-1.046527,tile_RA96.856_DECm1.097,True,0.273,tile_RA96.856_DECm1.097:7174,GATE_FAIL,SPREAD>-0.002,,
3003,98.140710,-1.110717,tile_RA97.856_DECm1.097,True,0.362,tile_RA97.856_DECm1.097:5795,GATE_FAIL,SPREAD>-0.002,,
3013,97.813705,-1.558841,tile_RA97.856_DECm1.097,True,0.245,tile_RA97.856_DECm1.097:491,GATE_FAIL,SPREAD>-0.002,,
3014,97.752070,-1.014265,tile_RA97.856_DECm1.097,True,0.466,tile_RA97.856_DECm1.097:6869,GATE_FAIL,SNR_WIN>30;SPREAD>-0.002,,
